;sentiscore_average;sentiment_Textblob;textfile;journal;text_id
0;-0.00143294454380524;0.025530045351473924;20000_1843_MGS_401;MGS;20000
1;0.005590703811420456;0.023793571596010678;20001_1853_BLU_558;BLU;20001
2;0.024147206949003575;-0.03429326513213981;20002_1840_MGS_453;MGS;20002
3;0.004623183932469636;0.023481274438305604;20003_1833_MGS_101;MGS;20003
4;0.005823748431767534;0.02777325689635246;20004_1827_ALZ_205;ALZ;20004
5;-0.006927550037813519;0.046649328913260804;20005_1826_ALZ_65;ALZ;20005
6;0.010986437069196714;0.02310030280531934;20006_1854_BLU_604;BLU;20006
7;-0.034217824343046946;0.04465634759021679;20011_1886_BLU_323;BLU;20011
8;0.025051027536392212;0.0;20011_1891_DL_347;DL;20011
9;-0.029951765089430468;0.04686051596311248;20018_1818_ALZ_97;ALZ;20018
10;0.06381509257135569;0.040873015873015874;20024_1847_BLU_1039;BLU;20024
11;0.034444634515786846;0.008665882958730239;20028_1853_BLU_444;BLU;20028
12;-0.02365101780837503;0.05999636440629088;20029_1844_MGS_330;MGS;20029
13;-0.003976316832221254;0.05449429943021994;20030_1891_BLU_84;BLU;20030
14;0.03142104790075331;0.03759921153172427;20032_1898_BLU_329;BLU;20032
15;-0.01983587370220512;0.03865141845731908;20033_1897_BLU_215;BLU;20033
16;0.023473589073389003;0.02278507170795307;20034_1896_BLU_347;BLU;20034
17;-0.009597567241769743;0.04737473632244125;20037_1790_ALZ_549;ALZ;20037
18;-0.011176883723765602;0.11087833958527739;20041_1834_BLU_755;BLU;20041
19;-0.02704172988474627;0.048717948717948725;20041_1834_MGS_161;MGS;20041
20;0.012635522174759783;0.018749182982256078;20042_1846_MGS_353;MGS;20042
21;0.05691291858593434;0.014353358579137124;20044_1846_MGS_353;MGS;20044
22;0.01591870046890292;0.02434874203571682;20047_1846_MGS_353;MGS;20047
23;-0.006006800835222506;0.05852501111414524;20053_1836_ALZ_425;ALZ;20053
24;-0.05203787296767382;0.06343081260844419;20053_1836_MGS_104;MGS;20053
25;-0.018223014294907646;0.014472667026337994;20053_1837_BLU_1067;BLU;20053
26;-0.020466242991104503;0.01946022727272728;20053_1839_BLU_1253;BLU;20053
27;-0.008141929432359056;0.009189416151075812;20055_1888_BLU_830;BLU;20055
28;0.04441400703356322;0.03884552538964304;20060_1903_DL_3158;DL;20060
29;0.005282640462797699;0.08280025530025531;20064_1896_BLU_469;BLU;20064
30;-0.02921325400410764;0.003988923884757218;20065_1894_BLU_329;BLU;20065
31;0.019918189479526192;-0.016801423129533064;20066_1846_MGS_157;MGS;20066
32;-0.036462465339961156;-0.020699179292929294;20066_1847_BLU_159;BLU;20066
33;0.007377616314626738;0.0075205551365375685;20069_1864_BLU_904;BLU;20069
34;0.03526854899194505;0.012059210526315783;20071_1883_DL_1747;DL;20071
35;-0.056917398139124824;0.011405723905723907;20072_1896_BLU_425;BLU;20072
36;0.032515474073494775;0.017594047366774637;20073_1888_BLU_415;BLU;20073
37;0.0008654075241930568;-0.01394580036821416;20074_1890_BLU_397;BLU;20074
38;-0.0011265637981904358;0.07591614906832297;20075_1890_BLU_757;BLU;20075
39;0.04136262807462897;-0.06894736842105263;20076_1883_DL_1747;DL;20076
40;-0.030681989868312623;0.0161172764433634;20077_1889_BLU_743;BLU;20077
41;0.0029863129887315975;0.009953703703703702;20078_1889_BLU_727;BLU;20078
42;-0.002136259246617556;-0.005833333333333336;20082_1883_DL_1747;DL;20082
43;0.0338129429944924;-0.02475490196078432;20084_1788_ALZ_606;ALZ;20084
44;-0.027470990549772978;0.18291353383458647;20085_1788_ALZ_604;ALZ;20085
45;-0.009886710417879467;0.074680981980982;20086_1826_BLU_97;BLU;20086
46;-0.0070558575701800885;-0.021158267020335995;20086_1827_ALZ_327;ALZ;20086
47;0.017240745276606906;0.026968046477850404;20087_1835_ALZ_800;ALZ;20087
48;-0.022001309182282935;0.04336527742024197;20087_1836_MGS_486;MGS;20087
49;-0.019405472419545582;-0.019895377339098734;20088_1819_ALZ_132;ALZ;20088
50;-0.03166333469867366;0.07646697388632871;20090_1834_BLU_755;BLU;20090
51;-0.12153798296596066;0.04375;20090_1834_MGS_161;MGS;20090
52;-0.014823570096244415;0.023027027027027032;20092_1826_BLU_97;BLU;20092
53;0.07155469407637914;0.11368003341687552;20092_1827_ALZ_327;ALZ;20092
54;-0.031189261583428562;0.05879558577907017;20102_1883_BLU_682;BLU;20102
55;-0.022799201955374406;0.01165149954212454;20103_1890_BLU_468;BLU;20103
56;0.007527697999724503;0.03846100759144238;20103_1890_DL_1733;DL;20103
57;-0.05791771479569747;0.0674488446234217;20104_1888_BLU_599;BLU;20104
58;-0.04121183900805634;0.03684671326986317;20105_1881_DL_1938;DL;20105
59;0.019195016501358356;0.032949535251766485;20105_1882_BLU_406;BLU;20105
60;-0.01525613244543464;0.011819255013991857;20106_1881_DL_1316;DL;20106
61;0.001352210498104493;0.05098447712418301;20107_1883_BLU_697;BLU;20107
62;-0.01135895026579889;0.02763825324180015;20107_1883_DL_30;DL;20107
63;-0.048195208391259584;0.016724279784617647;20108_1895_BLU_721;BLU;20108
64;-0.014732771952264776;0.04154371940737594;20108_1896_DL_244;DL;20108
65;-0.029180909122198888;0.021284376221351004;20109_1898_BLU_826;BLU;20109
66;-0.049168104506664416;0.042311189627366096;20111_1897_BLU_393;BLU;20111
67;-0.02150837366279715;0.07355886193645456;20111_1897_DL_428;DL;20111
68;-0.013416812201768718;0.026181050684115074;20113_1879_BLU_131;BLU;20113
69;-0.030837485445173562;0.039080575678778505;20115_1892_BLU_808;BLU;20115
70;-0.025096868104128926;0.02740069111193142;20116_1892_BLU_179;BLU;20116
71;0.033589069760770814;-0.013115413393191167;20117_1881_BLU_53;BLU;20117
72;0.0039681043812708336;-0.013205876251680562;20119_1882_BLU_105;BLU;20119
73;0.015375784626880567;0.04832339690960381;20119_1882_DL_375;DL;20119
74;0.03082824777606091;0.0869320904462414;20120_1902_DL_823;DL;20120
75;0.03745373935804447;0.0020332151841190066;20124_1895_BLU_315;BLU;20124
76;-0.004928209959888241;0.027043774938511775;20126_1846_BLU_1099;BLU;20126
77;-0.011742265290143189;0.020551757238201258;20132_1801_ALZ_1;ALZ;20132
78;-0.011955197828932937;-0.014816471190640975;20133_1822_ALZ_793;ALZ;20133
79;-0.0003798811293641291;0.035568838087503246;20133_1822_MGS_26;MGS;20133
80;0.002944124026981517;0.011328914501530363;20135_1810_ALZ_1;ALZ;20135
81;0.002070044532897083;-0.0006587714616734225;20138_1844_MGS_437;MGS;20138
82;-0.004314592934198802;0.039860560410908435;20141_1843_MGS_227;MGS;20141
83;-0.01971224959053292;0.008914929759787313;20144_1849_MGS_183;MGS;20144
84;-0.02475868538150263;-0.0032866974462543662;20146_1842_MGS_379;MGS;20146
85;0.009580835247822493;0.0438944362410924;20153_1833_MGS_25;MGS;20153
86;-0.037874217393138045;-0.0012115850246102347;20156_1838_BLU_863;BLU;20156
87;-0.0032729775465940797;-0.019361355645886147;20157_1835_BLU_1337;BLU;20157
88;-0.01416300693420577;0.004283276862912273;20157_1835_MGS_369;MGS;20157
89;0.011044590128096745;0.018251467643964847;20159_1841_BLU_399;BLU;20159
90;0.0015606691706261497;0.028367795279213202;20163_1826_ALZ_795;ALZ;20163
91;0.009449379167775468;0.050826187918664424;20163_1826_BLU_453;BLU;20163
92;-0.03703168251016895;0.03786274822080449;20163_1826_MGS_401_1;MGS;20163
93;-0.038403894470797645;0.06808497460671374;20163_1826_MGS_401_2;MGS;20163
94;-0.04661219424402662;0.044871794871794865;20163_1828_ALZ_624;ALZ;20163
95;0.006966319179912715;0.013296269085742768;20170_1898_BLU_556;BLU;20170
96;-0.025848837239204572;-0.03172089947089947;20172_1893_BLU_537;BLU;20172
97;0.012669734856289586;0.025273004579891397;20174_1812_ALZ_501;ALZ;20174
98;0.012687612678559999;-0.019802360776044983;20185_1863_BLU_847;BLU;20185
99;-0.008376955269316377;0.018252898326656088;20188_1794_ALZ_509;ALZ;20188
100;-0.008117170955103035;0.0020225267313776587;20188_1847_MGS_76;MGS;20188
101;-0.006409955609996103;0.028842434943115017;20190_1820_MGS_169;MGS;20190
102;0.029727082218141104;0.05622206151980937;20194_1821_ALZ_205;ALZ;20194
103;0.00722006859407283;0.03882337901333358;20196_1820_MGS_45;MGS;20196
104;-0.019416837124680356;0.041344078626495584;20196_1822_ALZ_105;ALZ;20196
105;-0.0016507278056978494;0.03017193609386879;20201_1822_MGS_237;MGS;20201
106;-0.00012195806010723175;0.04155770155770156;20203_1819_MGS_217;MGS;20203
107;-0.02788195540102161;0.04253968253968254;20204_1815_ALZ_293;ALZ;20204
108;0.0766853750461624;0.04666666666666666;20208_1815_ALZ_293;ALZ;20208
109;-0.06836184859275818;0.2;20208_1816_MGS_17;MGS;20208
110;0.0023585258051753086;-0.04845102813852812;20209_1817_ALZ_596;ALZ;20209
111;0.07825614201525846;-0.11555944055944056;20212_1908_DL_393;DL;20212
112;0.029209599830962794;0.019638350341127635;20215_1847_MGS_113;MGS;20215
113;-0.01889888095272585;-0.014909836658557885;20216_1889_DL_1906;DL;20216
114;0.04323382758431965;-0.03138401559454191;20217_1833_MGS_68;MGS;20217
115;0.027257924820815318;0.02272489289237082;20220_1854_MGS_123;MGS;20220
116;0.026229772137972146;0.047174819993979426;20221_1838_BLU_1395;BLU;20221
117;0.04017075440887148;-0.005116570891971963;20224_1894_BLU_235;BLU;20224
118;-0.01810844752883415;0.040446928815880336;20242_1887_BLU_119;BLU;20242
119;0.0032666031204903376;0.034193128569649865;20242_1887_DL_512;DL;20242
120;-0.01810195197661718;-0.04666666666666666;20246_1812_ALZ_324;ALZ;20246
121;0.08426042832434177;0.0;20247_1812_ALZ_324;ALZ;20247
122;-0.00883003945151965;0.1;20250_1812_ALZ_324;ALZ;20250
123;0.0754494228509077;0.017758784425451094;20252_1812_ALZ_324;ALZ;20252
124;-0.03308077699422918;0.026426587301587298;20254_1812_ALZ_324;ALZ;20254
125;0.023085827879894168;-0.0004800667517600818;20256_1792_ALZ_349;ALZ;20256
126;-0.023825670471192346;0.009768116994539952;20258_1888_DL_1468;DL;20258
127;-0.004418175070450558;0.01779381376085528;20261_1855_BLU_469;BLU;20261
128;-0.005496544257966592;0.04751671968921206;20282_1844_BLU_193;BLU;20282
129;0.021464849309797564;0.009418987749595632;20286_1856_MGS_952;MGS;20286
130;0.01198704077657439;0.060357979315805624;20302_1795_ALZ_1;ALZ;20302
131;-0.004258545125782139;0.017099200237289315;20304_1888_BLU_61;BLU;20304
132;0.009276355099346902;0.02631578947368421;20304_1891_BLU_817;BLU;20304
133;0.03529443704043374;0.028767372977899292;20306_1884_BLU_300;BLU;20306
134;0.008705291489140456;0.047756352250053535;20307_1883_BLU_436;BLU;20307
135;-0.006149340882926943;0.024551632548502247;20307_1891_BLU_817;BLU;20307
136;0.024068796770115457;0.04690713615266045;20308_1891_BLU_817;BLU;20308
137;-0.013183690797261616;0.02091503267973856;20309_1874_BLU_313;BLU;20309
138;0.01829633783212523;0.011544407384488356;20310_1877_BLU_374;BLU;20310
139;-0.01476339811534634;0.006797669694837181;20311_1880_BLU_337;BLU;20311
140;-0.009517065364120872;0.03526700572155118;20311_1881_BLU_53;BLU;20311
141;-0.04108127974237839;0.018447458949909925;20312_1885_DL_204;DL;20312
142;-0.0032766122044390685;0.012424942704354465;20313_1884_BLU_722;BLU;20313
143;0.04347218483841668;0.03449519230769231;20313_1884_DL_914;DL;20313
144;-0.013837953078427803;0.046793944934335585;20320_1832_MGS_341;MGS;20320
145;0.011303469404532149;0.008418285968807965;20320_1833_BLU_81;BLU;20320
146;0.010856527008712797;-0.045205217236467234;20321_1854_BLU_196;BLU;20321
147;-0.014548558104172271;-0.008089786173319008;20322_1794_ALZ_205;ALZ;20322
148;0.006872939855037702;0.05484532828282827;20323_1808_ALZ_375;ALZ;20323
149;-0.03529566471208295;0.028768140906323212;20329_1854_BLU_285;BLU;20329
150;0.02295589667394558;0.02072468323335156;20335_1834_BLU_1109;BLU;20335
151;0.021801494564195834;0.0390274897837923;20341_1788_ALZ_291;ALZ;20341
152;0.05295527330821469;-0.07207792207792207;20343_1892_DL_1612;DL;20343
153;0.03787063020798895;0.06666666666666667;20346_1846_MGS_256;MGS;20346
154;0.005659527845485726;0.00964285714285714;20346_1847_BLU_40;BLU;20346
155;-0.005714143499454207;0.023135189103014705;20356_1895_BLU_428;BLU;20356
156;-0.010982935179292767;-0.031227366544704;20360_1894_BLU_407;BLU;20360
157;-0.034417371005199995;0.036957359056983115;20363_1880_BLU_83;BLU;20363
158;0.05989040848281649;0.07326007326007326;20363_1898_BLU_443;BLU;20363
159;0.010459852064782558;0.0134343319238157;20368_1888_BLU_805;BLU;20368
160;0.03777339309453964;0.14800000000000002;20368_1898_BLU_443;BLU;20368
161;-0.00018268595536940647;0.031057012441867118;20370_1877_BLU_1;BLU;20370
162;-0.01219397821870942;0.02606638072517425;20370_1877_BLU_229;BLU;20370
163;0.030553871832203733;0.03176522522217856;20373_1864_BLU_774;BLU;20373
164;-0.017303052848070825;0.023008077524381873;20374_1870_BLU_824;BLU;20374
165;0.0007393327389814217;0.03292544954925797;20375_1890_BLU_769;BLU;20375
166;-0.03269042414464886;0.025155198852394145;20384_1891_BLU_5;BLU;20384
167;-0.006176602352066198;0.0250181833723281;20385_1885_DL_320;DL;20385
168;0.014139450794359106;0.013518606054655694;20387_1843_MGS_257;MGS;20387
169;0.0028935007964068734;0.0049372020234297025;20387_1847_BLU_1231;BLU;20387
170;0.033971405222012106;-0.00480298321207412;20398_1875_BLU_635;BLU;20398
171;0.008098164134308649;0.00864488574708648;20399_1888_BLU_761;BLU;20399
172;0.020392868667840958;0.0;20402_1875_BLU_429;BLU;20402
173;0.05391510048082897;-0.0173718610251118;20406_1874_BLU_708;BLU;20406
174;-0.04246641104532914;0.044365079365079364;20407_1893_BLU_28;BLU;20407
175;-0.11888856542784544;0.15204081632653058;20408_1888_BLU_822;BLU;20408
176;0.029736710038213498;0.005317460317460319;20409_1884_BLU_266;BLU;20409
177;-0.017404893476561562;0.07369674185463658;20410_2867_BLU_413;BLU;20410
178;-0.013489258138891366;0.042235940469956886;20425_1856_BLU_25;BLU;20425
179;-0.0224007902961055;-0.020264140862518147;20430_1842_BLU_947;BLU;20430
180;-0.10259591365853946;0.013173076923076921;20435_1895_BLU_538;BLU;20435
181;0.03538600349006981;0.0011881295033468935;20440_1890_BLU_628;BLU;20440
182;-0.029083137137322333;0.02466353207949847;20440_1891_DL_1875;DL;20440
183;-0.00018268595536940647;0.031057012441867118;20441_1877_BLU_1;BLU;20441
184;0.020749315602099746;0.02359859874147946;20443_1869_BLU_385;BLU;20443
185;0.00935825315772674;0.031235042670296403;20444_1900_DL_3400;DL;20444
186;-0.016163131594657897;0.053125;20450_1853_BLU_774;BLU;20450
187;0.01608686089821157;0.05999700506921495;20453_1845_MGS_209;MGS;20453
188;-0.03786700325352805;0.09090909090909091;20453_1847_MGS_124;MGS;20453
189;-0.11577905714511871;0.07741935483870968;20454_1853_BLU_774;BLU;20454
190;0.0571593956223556;0.009090909090909092;20455_1853_BLU_774;BLU;20455
191;-0.0522293895483017;0.0891304347826087;20457_1853_BLU_774;BLU;20457
192;-0.025308604041735332;0.01011904761904761;20458_1853_BLU_774;BLU;20458
193;0.006202283631049769;0.01441391941391942;20461_1845_MGS_209;MGS;20461
194;-0.03786700325352805;0.09090909090909091;20461_1847_MGS_124;MGS;20461
195;-0.01990824148794233;0.0463662981046602;20463_1858_BLU_577;BLU;20463
196;0.01288012694567442;0.03404255319148936;20464_1853_BLU_774;BLU;20464
197;0.00362912670148918;0.006995038739562262;20465_1868_BLU_401;BLU;20465
198;-0.06401805269664952;0.03539682539682539;20472_1878_BLU_157;BLU;20472
199;0.0338028022725183;0.0007000139236981332;20474_1883_BLU_588;BLU;20474
200;0.009781821041334042;-0.0016671567051655027;20475_1888_BLU_805;BLU;20475
201;-0.013052400326474554;0.041777447089947094;20477_1884_DL_100;DL;20477
202;-0.020799897974262935;0.026082944832944835;20478_1885_BLU_355;BLU;20478
203;-0.07029705178596218;0.04959334611037398;20479_1880_BLU_442;BLU;20479
204;-0.043970173623945036;-0.013205645161290323;20479_1880_DL_471;DL;20479
205;-0.025685255243576177;0.05741843343060447;20482_1890_BLU_322;BLU;20482
206;-0.004233160941197535;0.02224317217724728;20484_1827_BLU_461;BLU;20484
207;-0.013854264988042694;0.009937064177195533;20489_1837_BLU_289;BLU;20489
208;-0.014795053350822271;-0.004273652254624914;20497_1840_BLU_1121;BLU;20497
209;-0.00290697238798411;0.029475222171564217;20497_1840_BLU_1465;BLU;20497
210;0.010466907190652042;-0.01767813744054283;20497_1840_MGS_449;MGS;20497
211;0.012486628774139615;0.0055484330484330486;20509_1900_DL_1090;DL;20509
212;-0.0005744558328415442;-0.0022618089346030583;20515_1849_BLU_1178;BLU;20515
213;-0.0017363511349251497;0.024688147778729443;20534_1834_BLU_1209;BLU;20534
214;-0.017828457261187744;0.011839607861898806;20534_1835_MGS_435;MGS;20534
215;-0.005488799929264048;-0.04884931627313898;20537_1845_MGS_420;MGS;20537
216;0.019704835256600033;0.06040687726446239;20537_1846_BLU_883;BLU;20537
217;-0.01901963244166251;0.003717325993043699;20538_1791_ALZ_550;ALZ;20538
218;-0.006818690829231524;0.02932807807807808;20538_1796_ALZ_34;ALZ;20538
219;0.041335683220472104;-0.002567565284956591;20543_1818_ALZ_359;ALZ;20543
220;0.003864344315097534;0.028086792869414366;20544_1828_BLU_201;BLU;20544
221;-0.004310961207162005;0.022515962049592216;20848_1827_BLU_461;BLU;20848
